[
{
  "pk": 1,
  "model": "core.publication",
  "fields": {
    "weight": 0,
    "headline": "mypublication",
    "public": true,
    "slug": "default",
    "name": "mypublication",
    "newsletter_header_color": "#262626"
  }
},
{
  "pk": 2,
  "model": "core.publication",
  "fields": {
    "weight": 1,
    "headline": "spinoff",
    "public": true,
    "slug": "spinoff",
    "name": "spinoff",
    "newsletter_header_color": "#262626"
  }
},
{
  "pk": 3,
  "model": "core.publication",
  "fields": {
    "weight": 0,
    "headline": "A restricted publication",
    "public": true,
    "slug": "restrictedpub",
    "name": "Restricted publication",
    "newsletter_header_color": "#262626"
  }
},
{
  "pk": 1,
  "model": "thedaily.subscriptionprices",
  "fields": {
    "subscription_type": "DDIGM",
    "ga_category": "D",
    "price": "350.00",
    "ga_name": "suscripción digital",
    "order": 1,
    "publication": 1
  }
},
{
  "pk": 2,
  "model": "thedaily.subscriptionprices",
  "fields": {
    "subscription_type": "PAPYDIM",
    "ga_category": "P",
    "price": "790.00",
    "ga_name": "papel lunes a viernes",
    "order": 2,
    "publication": 1
  }
},
{
  "pk": 3,
  "model": "thedaily.subscriptionprices",
  "fields": {
    "subscription_type": "spinoff",
    "ga_category": "D",
    "price": "350.00",
    "ga_name": "spinoff digital",
    "order": 3,
    "publication": 2
  }
},
{
  "pk": 1,
  "model": "core.edition",
  "fields": {
    "publication": 1,
    "pdf_md5": "",
    "downloads": 0,
    "date_published": "2020-11-18",
    "date_created": "2020-11-19T04:21:05"
  }
},
{
  "pk": 2,
  "model": "core.edition",
  "fields": {
    "publication": 2,
    "pdf_md5": "",
    "downloads": 0,
    "date_published": "2020-11-18",
    "date_created": "2020-11-19T04:21:05"
  }
},
{
  "pk": 3,
  "model": "core.edition",
  "fields": {
    "publication": 1,
    "pdf_md5": "",
    "downloads": 0,
    "date_published": "2020-11-19",
    "date_created": "2020-11-19T04:21:05"
  }
},
{
  "pk": 4,
  "model": "core.edition",
  "fields": {
    "publication": 3,
    "pdf_md5": "",
    "downloads": 0,
    "date_published": "2020-11-19",
    "date_created": "2020-11-19T04:21:05"
  }
},
{
  "pk": 1,
  "model": "core.section",
  "fields": {
    "home_block_all_pubs": true,
    "home_order": 0,
    "show_description": false,
    "white_text": false,
    "home_block_show_featured": true,
    "publications": [
      1, 2
    ],
    "show_image": false,
    "date_created": "2020-11-19T04:23:41",
    "in_home": false,
    "background_color": "#ffffff",
    "slug": "news",
    "name": "news",
    "included_in_category_menu": true
  }
},
{
  "pk": 2,
  "model": "core.section",
  "fields": {
    "category": 1,
    "home_block_all_pubs": true,
    "home_order": 0,
    "show_description": false,
    "white_text": false,
    "home_block_show_featured": true,
    "publications": [],
    "show_image": false,
    "date_created": "2020-11-19T07:19:20",
    "in_home": false,
    "background_color": "#ffffff",
    "slug": "areasection",
    "name": "areasection",
    "included_in_category_menu": true
  }
},
{
  "pk": 3,
  "model": "core.section",
  "fields": {
    "home_block_all_pubs": true,
    "home_order": 0,
    "show_description": false,
    "white_text": false,
    "home_block_show_featured": true,
    "publications": [1],
    "show_image": false,
    "date_created": "2020-11-19T07:19:20",
    "in_home": false,
    "background_color": "#ffffff",
    "slug": "humor",
    "name": "humor",
    "included_in_category_menu": true
  }
},
{
  "pk": 1,
  "model": "core.journalist",
  "fields": {
    "name": "test journalist",
    "job": "PE",
    "sections": [],
    "slug": "test-journalist",
    "bio": "Journalist bio for test purpouses",
    "ig": "https://www.instagram.com/johndoe",
    "bs": "https://www.bluesky.com/johndoe"
  }
},
{
  "pk": 2,
  "model": "core.journalist",
  "fields": {
    "name": "test columnist",
    "job": "CO",
    "sections": [],
    "slug": "test-columnist",
    "bio": "Journalist bio for test purpouses",
    "ig": "https://www.instagram.com/alicedoe"
  }
},
{
  "pk": 1,
  "model": "core.article",
  "fields": {
    "newsletter_featured": false,
    "allow_related": true,
    "only_initials": false,
    "byline": [1],
    "headline": "test article",
    "tags": "test",
    "show_related_articles": true,
    "public": true,
    "body": "test.",
    "views": 0,
    "date_published": "2020-11-19T04:20:02",
    "last_modified": "2020-11-19T04:25:57",
    "url_path": "/articulo/2020/11/test-article/",
    "slug": "test-article",
    "main_section": 1,
    "allow_comments": false,
    "date_created": "2020-11-19T04:24:28",
    "is_published": true
  }
},
{
  "pk": 2,
  "model": "core.article",
  "fields": {
    "newsletter_featured": false,
    "allow_related": true,
    "only_initials": false,
    "byline": [2],
    "headline": "test article2",
    "alt_title_metadata": "article2 alternative title",
    "alt_desc_metadata": "article2 alternative desc",
    "show_related_articles": true,
    "public": true,
    "body": "test2.",
    "views": 0,
    "date_published": "2020-11-19T04:20:02",
    "last_modified": "2020-11-19T04:25:57",
    "url_path": "/spinoff/articulo/2020/11/test-article2/",
    "slug": "test-article2",
    "main_section": 2,
    "allow_comments": false,
    "date_created": "2020-11-19T04:24:28",
    "is_published": true
  }
},
{
  "pk": 3,
  "model": "core.article",
  "fields": {
    "newsletter_featured": false,
    "allow_related": true,
    "only_initials": false,
    "byline": [],
    "headline": "test article3",
    "show_related_articles": true,
    "public": true,
    "body": "test.",
    "views": 0,
    "date_published": "2020-11-20T04:20:03",
    "last_modified": "2020-11-20T04:25:57",
    "url_path": "/test/articulo/2020/11/test-article3/",
    "slug": "test-article3",
    "main_section": 3,
    "allow_comments": false,
    "date_created": "2020-11-19T04:24:28",
    "is_published": true
  }
},
{
  "pk": 4,
  "model": "core.article",
  "fields": {
    "type": "OP",
    "newsletter_featured": false,
    "allow_related": true,
    "only_initials": false,
    "byline": [],
    "headline": "test article4",
    "show_related_articles": true,
    "public": true,
    "body": "test.",
    "views": 0,
    "date_published": "2020-11-20T04:20:02",
    "last_modified": "2020-11-20T04:25:57",
    "url_path": "/spinoff/articulo/2020/11/test-article4/",
    "slug": "test-article4",
    "main_section": 4,
    "allow_comments": false,
    "date_created": "2020-11-19T04:24:28",
    "is_published": true,
    "photo": 1
  }
},
{
  "pk": 5,
  "model": "core.article",
  "fields": {
    "newsletter_featured": false,
    "allow_related": true,
    "only_initials": false,
    "byline": [],
    "headline": "test humor1",
    "show_related_articles": true,
    "public": true,
    "body": "test.",
    "views": 0,
    "date_published": "2020-11-20T04:20:02",
    "last_modified": "2020-11-20T04:25:57",
    "url_path": "/test/articulo/2020/11/test-humor1/",
    "slug": "test-humor1",
    "main_section": 6,
    "allow_comments": false,
    "date_created": "2020-11-19T04:24:28",
    "is_published": true
  }
},
{
  "pk": 6,
  "model": "core.article",
  "fields": {
    "type": "NE",
    "newsletter_featured": false,
    "allow_related": true,
    "only_initials": false,
    "byline": [],
    "headline": "test restricted1",
    "show_related_articles": true,
    "body": "test.",
    "views": 0,
    "date_published": "2020-11-20T04:20:02",
    "last_modified": "2020-11-20T04:25:57",
    "url_path": "/restrictedpub/articulo/2020/11/test-restricted1/",
    "slug": "test-restricted1",
    "main_section": 7,
    "allow_comments": false,
    "date_created": "2020-11-19T04:24:28",
    "is_published": true
  }
},
{
  "pk": 7,
  "model": "core.article",
  "fields": {
    "newsletter_featured": false,
    "allow_related": true,
    "only_initials": false,
    "byline": [],
    "headline": "test article7",
    "show_related_articles": true,
    "public": true,
    "body": "test.",
    "views": 0,
    "date_published": "2020-11-20T04:20:02",
    "last_modified": "2020-11-20T04:25:57",
    "url_path": "/spinoff/articulo/2020/11/test-article7/",
    "slug": "test-article7",
    "main_section": 8,
    "allow_comments": false,
    "date_created": "2020-11-19T04:24:28",
    "is_published": true
  }
},
{
  "pk": 8,
  "model": "core.article",
  "fields": {
    "type": "NE",
    "newsletter_featured": false,
    "allow_related": true,
    "only_initials": false,
    "byline": [],
    "headline": "test full restricted1",
    "deck": "test full restricted deck",
    "lead": "test full restricted lead",
    "show_related_articles": true,
    "body": "test. with a phrase that is not very easy to duplicate without knowing it prev ios lee.",
    "views": 0,
    "date_published": "2020-11-20T04:20:02",
    "last_modified": "2020-11-20T04:25:57",
    "url_path": "/articulo/2020/11/test-full-restricted1/",
    "slug": "test-full-restricted1",
    "main_section": 9,
    "allow_comments": false,
    "date_created": "2020-11-19T04:24:28",
    "is_published": true,
    "full_restricted": true
  }
},
{
  "pk": 9,
  "model": "core.article",
  "fields": {
    "newsletter_featured": false,
    "allow_related": true,
    "only_initials": false,
    "byline": [],
    "headline": "test article9",
    "show_related_articles": true,
    "body": "test.",
    "views": 0,
    "date_published": "2024-07-20T04:20:04",
    "last_modified": "2024-07-20T04:26:00",
    "url_path": "/articulo/2024/07/test-article9/",
    "slug": "test-article9",
    "main_section": 10,
    "allow_comments": false,
    "date_created": "2024-07-19T04:14:28",
    "is_published": true
  }
},
{
  "pk": 1,
  "model": "core.articlerel",
  "fields": {
    "position": 1,
    "home_top": true,
    "section": 1,
    "edition": 1,
    "article": 1,
    "top_position": 1
  }
},
{
  "pk": 2,
  "model": "core.articlerel",
  "fields": {
    "position": 1,
    "home_top": true,
    "section": 1,
    "edition": 2,
    "article": 2,
    "top_position": 1
  }
},
{
  "pk": 3,
  "model": "core.articlerel",
  "fields": {
    "position": 1,
    "home_top": true,
    "section": 2,
    "edition": 1,
    "article": 3,
    "top_position": 2
  }
},
{
  "pk": 4,
  "model": "core.articlerel",
  "fields": {
    "position": 2,
    "home_top": true,
    "section": 1,
    "edition": 2,
    "article": 4,
    "top_position": 2
  }
},
{
  "pk": 5,
  "model": "core.articlerel",
  "fields": {
    "position": 1,
    "home_top": true,
    "section": 1,
    "edition": 3,
    "article": 3,
    "top_position": 2
  }
},
{
  "pk": 6,
  "model": "core.articlerel",
  "fields": {
    "position": 1,
    "home_top": true,
    "section": 3,
    "edition": 3,
    "article": 5,
    "top_position": 2
  }
},
{
  "pk": 7,
  "model": "core.articlerel",
  "fields": {
    "position": 1,
    "home_top": true,
    "section": 1,
    "edition": 4,
    "article": 6,
    "top_position": 1
  }
},
{
  "pk": 8,
  "model": "core.articlerel",
  "fields": {
    "position": 2,
    "home_top": true,
    "section": 1,
    "edition": 2,
    "article": 7,
    "top_position": 2
  }
},
{
  "pk": 9,
  "model": "core.articlerel",
  "fields": {
    "position": 2,
    "home_top": true,
    "section": 1,
    "edition": 1,
    "article": 8,
    "top_position": 2
  }
},
{
  "pk": 10,
  "model": "core.articlerel",
  "fields": {
    "position": 2,
    "home_top": true,
    "section": 1,
    "edition": 1,
    "article": 9,
    "top_position": 2
  }
},
{
  "pk": 1,
  "model": "core.articleurlhistory",
  "fields": {
    "article": 1,
    "absolute_url": "/articulo/2020/11/test-article/"
  }
},
{
  "pk": 2,
  "model": "core.articleurlhistory",
  "fields": {
    "article": 2,
    "absolute_url": "/spinoff/articulo/2020/11/test-article2/"
  }
},
{
  "pk": 3,
  "model": "core.articleurlhistory",
  "fields": {
    "article": 3,
    "absolute_url": "/test/articulo/2020/11/test-article3/"
  }
},
{
  "pk": 4,
  "model": "core.articleurlhistory",
  "fields": {
    "article": 7,
    "absolute_url": "/spinoff/articulo/2020/11/test-article7/"
  }
},
{
  "pk": 1,
  "model": "core.category",
  "fields": {
    "has_newsletter": false,
    "new_pill": false,
    "slug": "test",
    "name": "test"
  }
},
{
  "pk": 4,
  "model": "core.section",
  "fields": {
    "home_block_all_pubs": true,
    "home_order": 1,
    "show_description": false,
    "white_text": false,
    "home_block_show_featured": true,
    "publications": [1],
    "category": 1,
    "show_image": false,
    "date_created": "2024-01-19T07:19:20",
    "in_home": false,
    "background_color": "#ffffff",
    "slug": "section-four",
    "name": "section four",
    "included_in_category_menu": true
  }
},
{
  "pk": 1,
  "model": "core.categoryhome",
  "fields": {
    "category": 1
  }
},
{
  "pk": 1,
  "model": "core.categoryhomearticle",
  "fields": {
    "home": 1,
    "article": 1,
    "position": 1,
    "fixed": false
  }
},
  {
  "pk": 1,
  "model": "photologue.photo",
  "fields": {
    "image": "fixtures/test_pou_img.jpg",
    "view_count": 0,
    "title": "test_pou_img",
    "slug": "test_pou_img",
    "date_added": "2020-11-19T04:24:28",
    "is_public": true,
    "caption": "Lacalle Pou Debate"
  }
},
{
  "model": "core.articleextension",
  "pk": 1,
  "fields": {
    "article": 9,
    "body": "<iframe width=\"100%\" height=\"380\" src=\"https://www.youtube.com/embed/RhwYtU8EERs\" title=\"YouTube video player\" frameborder=\"0\" allow=\"accelerometer; autoplay; clipboard-write; encrypted-media; gyroscope; picture-in-picture; web-share\" referrerpolicy=\"strict-origin-when-cross-origin\" allowfullscreen></iframe>",
    "size": "R",
    "background_color": "#eaeaea"
  }
},
{
  "model": "core.articleextension",
  "pk": 2,
  "fields": {
    "article": 8,
    "body": "<script src=\"valid.com/valid.js\"></script>",
    "size": "R",
    "background_color": "#eaeaea"
  }
},
{
  "model": "core.articleextension",
  "pk": 3,
  "fields": {
    "article": 7,
    "body": "<script src=\"instagram.com/embed.js\"></script>",
    "size": "R",
    "background_color": "#eaeaea"
  }
}
]
